CHROM	POS	REF	ALT	set_FrTu	sample_1	patient	mutation_type	set_cfDNA	sample_2	found_in	REF_counts_FrTu	ALT_counts_FrTu	REF_counts_cfDNA	ALT_counts_cfDNA	REF_counts_Normal	ALT_counts_Normal
20	2843344	G	A	Intersection	FrTu	test	SNV	NA	NA	FrTu	116	28	86	4	165	0
20	2955710	G	T	Intersection	FrTu	test	SNV	NA	NA	FrTu	24	9	4	6	42	0
20	8628344	G	A	mutect-somaticsniper	FrTu	test	SNV	mutect-somaticsniper	cfDNA	FrTu,cfDNA	14	4	20	5	13	0
20	17240621	C	A	varscan-mutect	FrTu	test	SNV	mutect-strelka-somaticsniper	cfDNA	FrTu,cfDNA	25	4	43	16	38	0
20	18794909	C	T	Intersection	FrTu	test	SNV	Intersection	cfDNA	FrTu,cfDNA	117	40	84	28	163	0
20	20022077	C	G	Intersection	FrTu	test	SNV	NA	NA	FrTu	46	19	14	4	54	0
20	29623371	G	T	varscan-mutect	FrTu	test	SNV	NA	NA	FrTu	83	9	33	1	70	1
20	29631122	G	A	mutect-somaticsniper	FrTu	test	SNV	NA	NA	FrTu	24	5	41	5	10	0
20	30454867	G	C	varscan-mutect	FrTu	test	SNV	NA	NA	FrTu	475	15	128	0	438	0
20	32436554	G	A	varscan-mutect-strelka	FrTu	test	SNV	NA	NA	FrTu	735	127	212	8	604	0
20	33233114	G	A	Intersection	FrTu	test	SNV	varscan-mutect-strelka	cfDNA	FrTu,cfDNA	52	8	101	12	91	0
20	33507379	AGT	A	varscan	FrTu	test	INDEL	NA	NA	FrTu	104	8	33	1	63	0
20	34776565	G	C	varscan-somaticsniper	FrTu	test	SNV	NA	NA	FrTu	18	7	15	4	12	0
20	40050468	C	T	varscan-mutect-strelka	FrTu	test	SNV	Intersection	cfDNA	FrTu,cfDNA	500	77	126	37	443	0
20	44651582	G	GGGAGGA	varscan	FrTu	test	INDEL	varscan	cfDNA	FrTu,cfDNA	34	6	46	12	20	0
20	48500758	C	CGCG	varscan	FrTu	test	INDEL	NA	NA	FrTu	173	9	32	1	117	3
20	52557956	T	C	varscan-somaticsniper	FrTu	test	SNV	varscan-somaticsniper	cfDNA	FrTu,cfDNA	9	10	15	10	21	0
20	60382971	G	A	varscan-somaticsniper	FrTu	test	SNV	NA	NA	FrTu	5	6	11	7	11	1
20	60699938	C	CT	varscan	FrTu	test	INDEL	NA	NA	FrTu	27	5	10	1	16	0
20	60775592	G	GAAAT	varscan	FrTu	test	INDEL	NA	NA	FrTu	54	17	13	2	33	10
20	60889691	T	C	Intersection	FrTu	test	SNV	varscan-mutect-strelka	cfDNA	FrTu,cfDNA	1002	179	301	56	833	0
20	61589113	T	TATG	varscan	FrTu	test	INDEL	NA	NA	FrTu	27	4	6	3	15	0
20	61680512	C	CTT	varscan	FrTu	test	INDEL	NA	NA	FrTu	64	4	50	5	38	0
20	61959902	G	T	varscan-mutect-strelka	FrTu	test	SNV	Intersection	cfDNA	FrTu,cfDNA	154	21	47	10	114	0
20	61982518	CGTCCACGCCCACATCCAT	C	varscan	FrTu	test	INDEL	NA	NA	FrTu	117	9	29	0	79	1
20	62074003	TCAC	T	varscan	FrTu	test	INDEL	varscan	cfDNA	FrTu,cfDNA	127	16	49	8	64	0
20	62190804	G	A	mutect-somaticsniper	FrTu	test	SNV	NA	NA	FrTu	15	5	5	1	15	0
20	62597832	C	A	Intersection	FrTu	test	SNV	varscan-mutect	cfDNA	FrTu,cfDNA	1542	288	447	14	1585	1
20	62720178	T	TGTGAAGAGTGGCCAGGATCC	varscan	FrTu	test	INDEL	NA	NA	FrTu	81	12	91	0	68	0
20	3556397	AT	A	NA	NA	test	INDEL	varscan	cfDNA	cfDNA	47	1	76	4	83	0
20	3842390	T	TTG	NA	NA	test	INDEL	varscan	cfDNA	cfDNA	15	7	17	14	15	1
20	3915838	TA	T	NA	NA	test	INDEL	varscan	cfDNA	cfDNA	39	0	40	2	39	0
20	6078437	C	CT	NA	NA	test	INDEL	varscan	cfDNA	cfDNA	27	1	15	3	15	1
20	10439001	AT	A	NA	NA	test	INDEL	varscan	cfDNA	cfDNA	72	0	81	7	92	0
20	11830190	TC	T	NA	NA	test	INDEL	varscan	cfDNA	cfDNA	38	2	37	3	68	0
20	16025192	CT	C	NA	NA	test	INDEL	varscan	cfDNA	cfDNA	29	2	28	7	58	1
20	16362789	GGA	G	NA	NA	test	INDEL	varscan	cfDNA	cfDNA	100	1	155	5	103	0
20	18511458	C	CT	NA	NA	test	INDEL	varscan	cfDNA	cfDNA	58	0	54	10	82	0
20	19673862	AT	A	NA	NA	test	INDEL	varscan	cfDNA	cfDNA	42	0	57	6	93	0
20	20243527	C	CT	NA	NA	test	INDEL	varscan	cfDNA	cfDNA	24	1	27	6	70	1
20	21117240	GT	G	NA	NA	test	INDEL	varscan	cfDNA	cfDNA	20	1	20	6	38	1
20	22562915	C	T	NA	NA	test	SNV	varscan-mutect	cfDNA	cfDNA	128	0	37	3	91	0
20	24607649	C	T	NA	NA	test	SNV	mutect-somaticsniper	cfDNA	cfDNA	3	0	13	6	10	0
20	26054925	C	T	NA	NA	test	SNV	varscan-somaticsniper	cfDNA	cfDNA	9	4	54	23	16	0
20	26063377	C	T	NA	NA	test	SNV	varscan-somaticsniper	cfDNA	cfDNA	29	5	19	6	16	0
20	26063381	A	T	NA	NA	test	SNV	varscan-somaticsniper	cfDNA	cfDNA	32	5	26	6	21	0
20	26078744	T	C	NA	NA	test	SNV	strelka-somaticsniper	cfDNA	cfDNA	23	7	64	22	18	0
20	26078753	T	A	NA	NA	test	SNV	strelka-somaticsniper	cfDNA	cfDNA	18	7	55	22	18	0
20	26079252	C	G	NA	NA	test	SNV	mutect-somaticsniper	cfDNA	cfDNA	12	2	48	10	16	0
20	26079289	C	T	NA	NA	test	SNV	varscan-somaticsniper	cfDNA	cfDNA	27	10	71	12	33	1
20	26254053	G	GAT	NA	NA	test	INDEL	varscan	cfDNA	cfDNA	9	1	48	5	17	0
20	29581062	A	G	NA	NA	test	SNV	varscan-somaticsniper	cfDNA	cfDNA	16	3	87	16	19	0
20	29582892	C	T	NA	NA	test	SNV	varscan-mutect	cfDNA	cfDNA	52	1	179	6	36	0
20	29582893	C	T	NA	NA	test	SNV	varscan-strelka	cfDNA	cfDNA	50	2	171	13	37	0
20	29586471	C	T	NA	NA	test	SNV	varscan-mutect	cfDNA	cfDNA	27	0	109	7	16	0
20	29591104	A	T	NA	NA	test	SNV	varscan-mutect	cfDNA	cfDNA	18	0	57	4	16	0
20	29595709	CG	C	NA	NA	test	INDEL	varscan	cfDNA	cfDNA	23	2	98	7	33	0
20	29595729	C	T	NA	NA	test	SNV	varscan-mutect	cfDNA	cfDNA	25	3	102	8	28	0
20	29607943	A	ATT	NA	NA	test	INDEL	varscan	cfDNA	cfDNA	51	2	134	6	32	0
20	29608024	A	C	NA	NA	test	SNV	varscan-mutect	cfDNA	cfDNA	54	2	51	3	42	0
20	29634148	C	A	NA	NA	test	SNV	strelka-somaticsniper	cfDNA	cfDNA	30	0	37	12	23	0
20	29651935	C	T	NA	NA	test	SNV	varscan-strelka	cfDNA	cfDNA	179	13	169	13	139	0
20	30142484	C	CA	NA	NA	test	INDEL	varscan	cfDNA	cfDNA	10	0	12	4	11	0
20	30784569	C	T	NA	NA	test	SNV	varscan-mutect	cfDNA	cfDNA	611	0	199	11	436	0
20	31291341	AT	A	NA	NA	test	INDEL	varscan	cfDNA	cfDNA	98	1	89	4	101	0
20	33004906	CT	C	NA	NA	test	INDEL	varscan	cfDNA	cfDNA	12	0	21	4	19	0
20	33421796	C	CT	NA	NA	test	INDEL	varscan	cfDNA	cfDNA	91	1	40	5	72	0
20	35684439	CA	C	NA	NA	test	INDEL	varscan	cfDNA	cfDNA	11	0	20	3	14	0
20	37230369	AGT	A	NA	NA	test	INDEL	varscan	cfDNA	cfDNA	19	0	13	4	12	0
20	39794630	AC	A	NA	NA	test	INDEL	varscan	cfDNA	cfDNA	118	3	130	8	59	1
20	42265908	CT	C	NA	NA	test	INDEL	varscan	cfDNA	cfDNA	29	0	28	4	28	0
20	43933694	A	C	NA	NA	test	SNV	varscan-somaticsniper	cfDNA	cfDNA	19	21	6	9	13	1
20	45644793	CT	C	NA	NA	test	INDEL	varscan	cfDNA	cfDNA	311	1	253	9	313	0
20	45797749	TTC	T	NA	NA	test	INDEL	varscan	cfDNA	cfDNA	161	4	215	24	136	2
20	47131879	G	A	NA	NA	test	SNV	varscan-strelka	cfDNA	cfDNA	32	3	211	11	42	0
20	47131886	G	C	NA	NA	test	SNV	varscan-mutect	cfDNA	cfDNA	36	1	211	11	38	0
20	47131966	C	T	NA	NA	test	SNV	varscan-mutect	cfDNA	cfDNA	39	3	143	5	27	0
20	47131984	C	T	NA	NA	test	SNV	varscan-mutect	cfDNA	cfDNA	36	1	127	12	26	0
20	47132020	G	T	NA	NA	test	SNV	varscan-mutect	cfDNA	cfDNA	33	1	162	7	19	0
20	47132082	C	T	NA	NA	test	SNV	varscan-mutect	cfDNA	cfDNA	47	0	223	12	24	0
20	47132181	G	A	NA	NA	test	SNV	varscan-mutect-strelka	cfDNA	cfDNA	71	7	341	42	54	0
20	54823639	CCT	C	NA	NA	test	INDEL	varscan	cfDNA	cfDNA	104	1	90	6	67	0
20	57613704	CA	C	NA	NA	test	INDEL	varscan	cfDNA	cfDNA	34	3	13	8	12	0
20	61910551	CT	C	NA	NA	test	INDEL	varscan	cfDNA	cfDNA	78	0	29	4	46	0
20	62562397	CGT	C	NA	NA	test	INDEL	varscan	cfDNA	cfDNA	775	9	374	10	556	4
20	62659693	G	A	NA	NA	test	SNV	mutect-strelka	cfDNA	cfDNA	156	0	50	9	96	0
