CHROM	POS	REF	ALT	Ensembl Gene name	Gene Name	cDNA change	AA change	Wt Epitope	Mut Epitope	immunogenic	coding_consequence	set_FrTu	sample_1	patient	mutation_type	set_cfDNA	sample_2	found_in	REF_counts_FrTu	ALT_counts_FrTu	REF_counts_cfDNA	ALT_counts_cfDNA	REF_counts_Normal	ALT_counts_Normal	vaf_Tumor_1	vaf_Tumor_2	vaf_Normal	cov_Tumor_1	cov_Tumor_2	cov_Normal	n_callers.Tumor_1	n_callers.Tumor_2	DNA_source	nMajor_FrTu	nMinor_FrTu	nMajor_cfDNA	nMinor_cfDNA	ccf_FrTu	purity_FrTu	ccf_cfDNA	purity_cfDNA
20	2843344	G	A	NA	NA	NA	NA	NA	NA	NA	synonymous_or_noncoding	Intersection	FrTu	test	SNV	NA	NA	FrTu	116	28	86	4	165	0	0.194444444444444	0.0444444444444444	0	144	90	165	4	NA	FrTu_only	1	0	1	0	0.754065040650407	0.41	0.167195767195767	0.42
20	2955710	G	T	NA	NA	NA	NA	NA	NA	NA	synonymous_or_noncoding	Intersection	FrTu	test	SNV	NA	NA	FrTu	24	9	4	6	42	0	0.272727272727273	0.6	0	33	10	42	4	NA	FrTu_only	1	0	1	0	1.05764966740576	0.41	2.25714285714286	0.42
20	3556397	AT	A	NA	NA	NA	NA	NA	NA	NA	synonymous_or_noncoding	NA	NA	test	INDEL	varscan	cfDNA	cfDNA	47	1	76	4	83	0	0.0208333333333333	0.05	0	48	80	83	NA	1	cfDNA_only	1	0	1	0	0.0807926829268293	0.41	0.188095238095238	0.42
20	10439001	AT	A	NA	NA	NA	NA	NA	NA	NA	synonymous_or_noncoding	NA	NA	test	INDEL	varscan	cfDNA	cfDNA	72	0	81	7	92	0	0	0.0795454545454545	0	72	88	92	NA	1	cfDNA_only	1	0	1	0	0	0.41	0.299242424242424	0.42
20	16025192	CT	C	NA	NA	NA	NA	NA	NA	NA	synonymous_or_noncoding	NA	NA	test	INDEL	varscan	cfDNA	cfDNA	29	2	28	7	58	1	0.0645161290322581	0.2	0.0169491525423729	31	35	59	NA	1	cfDNA_only	1	0	1	0	0.250196695515342	0.41	0.752380952380952	0.42
20	16362789	GGA	G	NA	NA	NA	NA	NA	NA	NA	synonymous_or_noncoding	NA	NA	test	INDEL	varscan	cfDNA	cfDNA	100	1	155	5	103	0	0.0099009900990099	0.03125	0	101	160	103	NA	1	cfDNA_only	1	0	1	0	0.0383965225790872	0.41	0.117559523809524	0.42
20	18511458	C	CT	NA	NA	NA	NA	NA	NA	NA	synonymous_or_noncoding	NA	NA	test	INDEL	varscan	cfDNA	cfDNA	58	0	54	10	82	0	0	0.15625	0	58	64	82	NA	1	cfDNA_only	1	0	1	0	0	0.41	0.587797619047619	0.42
20	18794909	C	T	NA	NA	NA	NA	NA	NA	NA	synonymous_or_noncoding	Intersection	FrTu	test	SNV	Intersection	cfDNA	FrTu,cfDNA	117	40	84	28	163	0	0.254777070063694	0.25	0	157	112	163	4	4	shared	1	0	1	0	0.988037905856766	0.41	0.94047619047619	0.42
20	19673862	AT	A	NA	NA	NA	NA	NA	NA	NA	synonymous_or_noncoding	NA	NA	test	INDEL	varscan	cfDNA	cfDNA	42	0	57	6	93	0	0	0.0952380952380952	0	42	63	93	NA	1	cfDNA_only	1	0	1	0	0	0.41	0.35827664399093	0.42
20	20022077	C	G	NA	NA	NA	NA	NA	NA	NA	synonymous_or_noncoding	Intersection	FrTu	test	SNV	NA	NA	FrTu	46	19	14	4	54	0	0.292307692307692	0.222222222222222	0	65	18	54	4	NA	FrTu_only	1	0	1	0	1.13358348968105	0.41	0.835978835978836	0.42
20	20243527	C	CT	NA	NA	NA	NA	NA	NA	NA	synonymous_or_noncoding	NA	NA	test	INDEL	varscan	cfDNA	cfDNA	24	1	27	6	70	1	0.04	0.181818181818182	0.0140845070422535	25	33	71	NA	1	cfDNA_only	1	0	1	0	0.155121951219512	0.41	0.683982683982684	0.42
20	21117240	GT	G	NA	NA	NA	NA	NA	NA	NA	synonymous_or_noncoding	NA	NA	test	INDEL	varscan	cfDNA	cfDNA	20	1	20	6	38	1	0.0476190476190476	0.230769230769231	0.0256410256410256	21	26	39	NA	1	cfDNA_only	1	0	1	0	0.184668989547038	0.41	0.868131868131868	0.42
20	26063377	C	T	NA	NA	NA	NA	NA	NA	NA	synonymous_or_noncoding	NA	NA	test	SNV	varscan-somaticsniper	cfDNA	cfDNA	29	5	19	6	16	0	0.147058823529412	0.24	0	34	25	16	NA	2	cfDNA_only	1	0	1	1	0.570301291248207	0.41	1.14285714285714	0.42
20	26063381	A	T	NA	NA	NA	NA	NA	NA	NA	synonymous_or_noncoding	NA	NA	test	SNV	varscan-somaticsniper	cfDNA	cfDNA	32	5	26	6	21	0	0.135135135135135	0.1875	0	37	32	21	NA	2	cfDNA_only	1	0	1	1	0.524060646011866	0.41	0.892857142857143	0.42
20	29623371	G	T	NA	NA	NA	NA	NA	NA	NA	synonymous_or_noncoding	varscan-mutect	FrTu	test	SNV	NA	NA	FrTu	83	9	33	1	70	1	0.0978260869565217	0.0294117647058824	0.0140845070422535	92	34	71	2	NA	FrTu_only	1	0	1	1	0.379374337221633	0.41	0.140056022408964	0.42
20	30142484	C	CA	NA	NA	NA	NA	NA	NA	NA	synonymous_or_noncoding	NA	NA	test	INDEL	varscan	cfDNA	cfDNA	10	0	12	4	11	0	0	0.25	0	10	16	11	NA	1	cfDNA_only	2	1	1	1	0	0.41	1.19047619047619	0.42
20	30454867	G	C	NA	NA	NA	NA	NA	NA	NA	synonymous_or_noncoding	varscan-mutect	FrTu	test	SNV	NA	NA	FrTu	475	15	128	0	438	0	0.0306122448979592	0	0	490	128	438	2	NA	FrTu_only	2	1	1	1	0.179940268790443	0.41	0	0.42
20	30784569	C	T	ENSG00000126003	PLAGL2	c.G1177A	p.E393K	SPQPAAAAALLDEALLAKSPANLSE	SPQPAAAAALLDKALLAKSPANLSE	no	non_synonymous	NA	NA	test	SNV	varscan-mutect	cfDNA	cfDNA	611	0	199	11	436	0	0	0.0523809523809524	0	611	210	436	NA	2	cfDNA_only	2	1	1	1	0	0.41	0.249433106575964	0.42
20	31291341	AT	A	NA	NA	NA	NA	NA	NA	NA	synonymous_or_noncoding	NA	NA	test	INDEL	varscan	cfDNA	cfDNA	98	1	89	4	101	0	0.0101010101010101	0.043010752688172	0	99	93	101	NA	1	cfDNA_only	2	1	1	1	0.0593742301059374	0.41	0.204813108038915	0.42
20	32436554	G	A	NA	NA	NA	NA	NA	NA	NA	synonymous_or_noncoding	varscan-mutect-strelka	FrTu	test	SNV	NA	NA	FrTu	735	127	212	8	604	0	0.147331786542923	0.0363636363636364	0	862	220	604	3	NA	FrTu_only	2	1	1	1	0.866023428215721	0.41	0.173160173160173	0.42
20	33004906	CT	C	NA	NA	NA	NA	NA	NA	NA	synonymous_or_noncoding	NA	NA	test	INDEL	varscan	cfDNA	cfDNA	12	0	21	4	19	0	0	0.16	0	12	25	19	NA	1	cfDNA_only	2	1	1	1	0	0.41	0.761904761904762	0.42
20	33233114	G	A	ENSG00000101464	PIGU	c.C220T	p.H74Y	VFHETPLIIYLFHFLIDYAELVFMI	VFHETPLIIYLFYFLIDYAELVFMI	no	non_synonymous	Intersection	FrTu	test	SNV	varscan-mutect-strelka	cfDNA	FrTu,cfDNA	52	8	101	12	91	0	0.133333333333333	0.106194690265487	0	60	113	91	4	3	shared	2	1	1	1	0.783739837398374	0.41	0.505689001264223	0.42
20	33421796	C	CT	NA	NA	NA	NA	NA	NA	NA	synonymous_or_noncoding	NA	NA	test	INDEL	varscan	cfDNA	cfDNA	91	1	40	5	72	0	0.0108695652173913	0.111111111111111	0	92	45	72	NA	1	cfDNA_only	2	1	1	1	0.0638918345705196	0.41	0.529100529100529	0.42
20	33507379	AGT	A	NA	NA	NA	NA	NA	NA	NA	synonymous_or_noncoding	varscan	FrTu	test	INDEL	NA	NA	FrTu	104	8	33	1	63	0	0.0714285714285714	0.0294117647058824	0	112	34	63	1	NA	FrTu_only	2	1	1	1	0.4198606271777	0.41	0.140056022408964	0.42
20	34776565	G	C	NA	NA	NA	NA	NA	NA	NA	synonymous_or_noncoding	varscan-somaticsniper	FrTu	test	SNV	NA	NA	FrTu	18	7	15	4	12	0	0.28	0.210526315789474	0	25	19	12	2	NA	FrTu_only	2	1	1	1	1.64585365853659	0.41	1.00250626566416	0.42
20	40050468	C	T	ENSG00000124177	CHD6	c.G4807A	p.D1603N	HGLNRTDCYIMNDPQLSFLDAYRNY	HGLNRTDCYIMNNPQLSFLDAYRNY	no	non_synonymous	varscan-mutect-strelka	FrTu	test	SNV	Intersection	cfDNA	FrTu,cfDNA	500	77	126	37	443	0	0.133448873483536	0.226993865030675	0	577	163	443	3	4	shared	2	1	1	1	0.784418988037368	0.41	1.08092316681274	0.42
20	42265908	CT	C	NA	NA	NA	NA	NA	NA	NA	synonymous_or_noncoding	NA	NA	test	INDEL	varscan	cfDNA	cfDNA	29	0	28	4	28	0	0	0.125	0	29	32	28	NA	1	cfDNA_only	2	1	1	1	0	0.41	0.595238095238095	0.42
20	45644793	CT	C	NA	NA	NA	NA	NA	NA	NA	synonymous_or_noncoding	NA	NA	test	INDEL	varscan	cfDNA	cfDNA	311	1	253	9	313	0	0.00320512820512821	0.0343511450381679	0	312	262	313	NA	1	cfDNA_only	2	1	1	1	0.0188398999374609	0.41	0.163576881134133	0.42
20	45797749	TTC	T	NA	NA	NA	NA	NA	NA	NA	synonymous_or_noncoding	NA	NA	test	INDEL	varscan	cfDNA	cfDNA	161	4	215	24	136	2	0.0242424242424242	0.100418410041841	0.0144927536231884	165	239	138	NA	1	cfDNA_only	2	1	1	1	0.14249815225425	0.41	0.478182904961148	0.42
20	52557956	T	C	NA	NA	NA	NA	NA	NA	NA	synonymous_or_noncoding	varscan-somaticsniper	FrTu	test	SNV	varscan-somaticsniper	cfDNA	FrTu,cfDNA	9	10	15	10	21	0	0.526315789473684	0.4	0	19	25	21	2	2	shared	2	1	1	1	3.09370988446727	0.41	1.9047619047619	0.42
20	54823639	CCT	C	NA	NA	NA	NA	NA	NA	NA	synonymous_or_noncoding	NA	NA	test	INDEL	varscan	cfDNA	cfDNA	104	1	90	6	67	0	0.00952380952380952	0.0625	0	105	96	67	NA	1	cfDNA_only	2	1	1	1	0.0559814169570267	0.41	0.297619047619048	0.42
20	57613704	CA	C	NA	NA	NA	NA	NA	NA	NA	synonymous_or_noncoding	NA	NA	test	INDEL	varscan	cfDNA	cfDNA	34	3	13	8	12	0	0.0810810810810811	0.380952380952381	0	37	21	12	NA	1	cfDNA_only	2	1	1	1	0.476598549769282	0.41	1.8140589569161	0.42
20	60699938	C	CT	NA	NA	NA	NA	NA	NA	NA	synonymous_or_noncoding	varscan	FrTu	test	INDEL	NA	NA	FrTu	27	5	10	1	16	0	0.15625	0.0909090909090909	0	32	11	16	1	NA	FrTu_only	2	1	1	1	0.91844512195122	0.41	0.432900432900433	0.42
20	60889691	T	C	ENSG00000130702	LAMA5	c.A8287G	p.K2763E	RDLADLAAYTALKFYLQGPEPEPGQ	RDLADLAAYTALEFYLQGPEPEPGQ	no	non_synonymous	Intersection	FrTu	test	SNV	varscan-mutect-strelka	cfDNA	FrTu,cfDNA	1002	179	301	56	833	0	0.151566469093988	0.156862745098039	0	1181	357	833	4	3	shared	2	1	1	1	0.89091509882076	0.41	0.746965452847806	0.42
20	61910551	CT	C	NA	NA	NA	NA	NA	NA	NA	synonymous_or_noncoding	NA	NA	test	INDEL	varscan	cfDNA	cfDNA	78	0	29	4	46	0	0	0.121212121212121	0	78	33	46	NA	1	cfDNA_only	2	1	1	1	0	0.41	0.577200577200577	0.42
20	61959902	G	T	NA	NA	NA	NA	NA	NA	NA	synonymous_or_noncoding	varscan-mutect-strelka	FrTu	test	SNV	Intersection	cfDNA	FrTu,cfDNA	154	21	47	10	114	0	0.12	0.175438596491228	0	175	57	114	3	4	shared	2	1	1	1	0.705365853658537	0.41	0.835421888053467	0.42
20	62074003	TCAC	T	NA	NA	NA	NA	NA	NA	NA	synonymous_or_noncoding	varscan	FrTu	test	INDEL	varscan	cfDNA	FrTu,cfDNA	127	16	49	8	64	0	0.111888111888112	0.140350877192982	0	143	57	64	1	1	shared	2	1	1	1	0.657683779634999	0.41	0.668337510442774	0.42
20	62597832	C	A	ENSG00000196700	ZNF512B	c.G696T	p.R232S	RPMPVTKAIPVTRPVPVTKPVTVSR	RPMPVTKAIPVTSPVPVTKPVTVSR	no	non_synonymous	Intersection	FrTu	test	SNV	varscan-mutect	cfDNA	FrTu,cfDNA	1542	288	447	14	1585	1	0.157377049180328	0.0303687635574837	0.000630517023959647	1830	461	1586	4	2	shared	2	1	1	1	0.925069972011196	0.41	0.144613159797542	0.42
20	62659693	G	A	NA	NA	NA	NA	NA	NA	NA	synonymous_or_noncoding	NA	NA	test	SNV	mutect-strelka	cfDNA	cfDNA	156	0	50	9	96	0	0	0.152542372881356	0	156	59	96	NA	2	cfDNA_only	2	1	1	1	0	0.41	0.726392251815981	0.42
